{
  "project_info": {
    "project_number": "489218757259",
    "firebase_url": "https://ellomix-47b97.firebaseio.com",
    "project_id": "ellomix-47b97",
    "storage_bucket": "ellomix-47b97.appspot.com"
  },
  "client": [
    {
      "client_info": {
        "mobilesdk_app_id": "1:489218757259:android:f4942986c45c8073",
        "android_client_info": {
          "package_name": "com.ellomix.android.ellomix"
        }
      },
      "oauth_client": [
        {
          "client_id": "489218757259-iilv71jtaba33jg7cghlk464ul3cf1a5.apps.googleusercontent.com",
          "client_type": 3
        }
      ],
      "api_key": [
        {
          "current_key": "AIzaSyCv3wM5hWdk4UUDTTpEsEZ0HZ0sx1dcb2U"
        }
      ],
      "services": {
        "analytics_service": {
          "status": 1
        },
        "appinvite_service": {
          "status": 1,
          "other_platform_oauth_client": []
        },
        "ads_service": {
          "status": 2
        }
      }
    }
  ],
  "configuration_version": "1"
}